Human,MHRb
H1,38.238
H2,15.234
H3,7.3540000000000001
H4,20813.226999999999
H5,48.343000000000004
H6,30.567
H7,30.024000000000001
H8,81030.633000000002
