Human,MHRb
H1,0
H2,0
H3,0
H4,193.625
H5,0.058999999999999997
H6,0
H7,0.039
H8,1116.1900000000001
