Human,MHRb
H1,44.072000000000003
H2,16.082000000000001
H3,7.5460000000000003
H4,17207.59
H5,50.901000000000003
H6,34.183999999999997
H7,30.382999999999999
H8,65555.179999999993
