Human,MHRb
H1,44.631999999999998
H2,16.155999999999999
H3,7.5629999999999997
H4,16340.707
H5,51.970999999999997
H6,34.520000000000003
H7,30.167000000000002
H8,64361.616999999998