Human,MHRb
H1,25.364999999999998
H2,15.781000000000001
H3,7.4790000000000001
H4,16108.111999999999
H5,34.991999999999997
H6,18.687999999999999
H7,32.226999999999997
H8,69459.093999999997
