Human,MHRb
H1,56.514000000000003
H2,17.486999999999998
H3,7.8419999999999996
H4,13180.856
H5,58.408000000000001
H6,41.222999999999999
H7,31.507999999999999
H8,51228.796999999999
