Human,MHRb
H1,24.178999999999998
H2,0.97199999999999998
H3,0.97199999999999998
H4,9.7010000000000005
H5,24.178999999999998
H6,9.7010000000000005
H7,2.4289999999999998
