Human,MHRb
H1,25.001999999999999
H2,11.242000000000001
H3,5.7469999999999999
H4,17043.055
H5,32.055
H6,23.132000000000001
H7,21.684000000000001
H8,64270.875
