Human,MHRb
H1,23.131
H2,5.9630000000000001
H3,2.911
H4,8359.7800000000007
H5,18.364000000000001
H6,10.202999999999999
H7,13.714
H8,46034.288999999997
