Human,MHRb
H1,23.765999999999998
H2,8.1579999999999995
H3,5.0229999999999997
H4,16515.75
H5,55.039999999999999
H6,25.148
H7,18.306999999999999
H8,54632.866999999998
