Human,MHRb
H1,28.030000000000001
H2,9.9290000000000003
H3,4.1029999999999998
H4,12141.147000000001
H5,30.076000000000001
H6,20.277000000000001
H7,20.477
H8,58068.222999999998
