Human,MHRb
H1,32.417000000000002
H2,10.119999999999999
H3,5.7069999999999999
H4,15384.786
H5,31.518000000000001
H6,17.416
H7,21.495999999999999
H8,66564.351999999999
