Human,MHRb
H1,16.931999999999999
H2,6.7859999999999996
H3,2.9319999999999999
H4,9364.0619999999999
H5,18.378
H6,14.465999999999999
H7,13.826000000000001
H8,44148.875
