Human,MHRb
H1,26.367000000000001
H2,4.2220000000000004
H3,2.097
H4,1781.7560000000001
H5,10.154999999999999
H6,8.4659999999999993
H7,7.9539999999999997
H8,15318.763000000001
