Human,MHRb
H1,4.8499999999999996
H2,1.214
H3,1.214
H4,1.214
H5,4.8499999999999996
H6,1.214
H7,4.8499999999999996
H8,2430
