Human,MHRb
H1,47.143000000000001
H2,11.595000000000001
H3,4.3620000000000001
H4,5836.6469999999999
H5,35.201000000000001
H6,28.692
H7,21.452999999999999
H8,33130.629000000001
