Human,MHRb
H1,46.231999999999999
H2,6.8449999999999998
H3,3.1059999999999999
H4,3181.6179999999999
H5,18.696000000000002
H6,13.087999999999999
H7,13.462
H8,23951.053
